{
  "fdd885594f35ef3278ea9d946ba898bab58e1a55.jpg": {
    "title": "lipids.jpg",
    "description": "lkp",
    "tags": []
  },
  "d8111c7df5f68f275c9d2d994cf4050eb6f2d60c.jpg": {
    "title": "structure.jpg",
    "description": "structure",
    "tags": []
  },
  "fed37f3d78f672eb42f5ecd7f1feff5eea1a65bb.png": {
    "title": "Interaction of Phospholipids in Aqueous Media.png",
    "description": "Interaction of Phospholipids in Aqueous Media.png",
    "tags": []
  },
  "6132155cc110c1a058f62e38a58d703e6f4b4d84.jpg": {
    "title": "Interaction of Phosholipids in Aqueous Media_S.jpg",
    "description": "Small",
    "tags": []
  },
  "b78ab84aa773f78ac4a6b269a10eb98c38722669.png": {
    "title": "Structure of Triacylglycerol.png",
    "description": "Image Credit:  Harrigan, G.G., Maguire, G., and Boros, L. 2008. Metabolomics in alcohol research and drug development. Alcohol research Health, 31(1): 27-35.",
    "tags": []
  },
  "a9d9575901b49222f2c3564374baa07c01365eeb.jpg": {
    "title": "Chemical structure of the carboxylic acid.jpg",
    "description": "Chemical structure of the carboxylic acid",
    "tags": []
  },
  "4d3edce400ab56cc07abd1e1d9d11224684960cc.jpg": {
    "title": "Hydrolysis of triglycerols.jpg",
    "description": "Hydrolysis of triglycerols",
    "tags": []
  },
  "fd01ff4bafb34556cdff51f235dae962e50054af.gif": {
    "title": "Hydrogenation.gif",
    "description": "Hydrogenation",
    "tags": []
  },
  "3ca232c74f9344a7ce4534fdba2b5fd0ea64004a.jpg": {
    "title": "Saponification.jpg",
    "description": "Saponification",
    "tags": []
  },
  "fd03c07391b4bbe72369003e853973d2c6c270be.jpg": {
    "title": "Halogenation.jpg",
    "description": "Halogenation",
    "tags": []
  },
  "9bcaf8586c0ccc6402d1cd24f166ef1b42ebbd71.jpg": {
    "title": "Rancidity.jpg",
    "description": "Rancidity",
    "tags": []
  },
  "51933b3650bad105d8f414b81d3e56f029293488.jpg": {
    "title": "blue-surface-with-study-tools.jpg",
    "description": "bg",
    "tags": []
  },
  "87bcc8a532da32fd87fc2c2ed6ea8084c192f295.png": {
    "title": "Energy Storage.png",
    "description": "Energy Storage",
    "tags": []
  },
  "babe0adccdb318d3863af8803737682ddaf2a081.png": {
    "title": "Regulating and Signaling.png",
    "description": "Regulating and Signaling",
    "tags": []
  },
  "b2048f57edff7b4ae63a991d1ddfde04d732f286.jpg": {
    "title": "High Energy Source.jpg",
    "description": "High Energy Source",
    "tags": []
  },
  "4ee7009aa4cea8ebd925a360101e591fe6d003de.jpg": {
    "title": "Smell, Taste, Texture, and Satiety.jpg",
    "description": "Smell, Taste, Texture, and Satiety",
    "tags": []
  },
  "b9ce04cab12a512c752158e216cbeb672c0112cc.jpg": {
    "title": "knowledge.jpg",
    "description": "knowledge",
    "tags": []
  },
  "9fa5bccc2bc70aea72c1133946c15327b0cd649e.jpg": {
    "title": "samp.jpg",
    "description": "samp",
    "tags": []
  },
  "08f6d46cc52bd0a8d09dab1da2c7e8030d89dbba.png": {
    "title": "class.png",
    "description": "class",
    "tags": []
  },
  "9b813e57268476b6cf409ecce97c84773d75425c.png": {
    "title": "fattyacid.png",
    "description": "fatty acid",
    "tags": []
  },
  "4da002acbf883fe79bc50d0c9ef4b03992a8136b.png": {
    "title": "Saturated Fatty Acids.png",
    "description": "Saturated Fatty Acids",
    "tags": []
  },
  "19c093e8b11c62777f5861bc0012d96dc9b5f99f.png": {
    "title": "Properties of Saturated Fatty Acids.png",
    "description": "Properties of Saturated Fatty Acids\r\n",
    "tags": []
  },
  "d00062057cabc2c870aea07c256c162281b999ff.png": {
    "title": "Unsaturated Fatty Acids.png",
    "description": "Unsaturated Fatty Acids",
    "tags": []
  },
  "67e127a6065cdd7979f140162b7c18b01e6fb6b5.png": {
    "title": "Properties of Unsaturated Fatty Acids.png",
    "description": "Properties of Unsaturated Fatty Acids",
    "tags": []
  },
  "ca9ce89d94405255452c7047df2a95e5e889ead1.jpg": {
    "title": "Structures of Monounsaturated and Polyunsaturated Fats.jpg",
    "description": "Structures of Monounsaturated and Polyunsaturated Fats",
    "tags": []
  },
  "633c8e6b62d5aea8872e64550c0d96df55f81d26.png": {
    "title": "Cis and Trans Fatty Acids.png",
    "description": "Cis and Trans Fatty Acids",
    "tags": []
  },
  "4a1cd5846e5193b7f94c23460bf18cd146e832ef.jpg": {
    "title": "SatVSUnsat.jpg",
    "description": "SatVSUnsat",
    "tags": []
  },
  "0806fee517a741fd5ee51d416c74fd4f25d6ae6b.png": {
    "title": "Triglyceride Structure.png",
    "description": "Triglyceride Structure",
    "tags": []
  },
  "f0dac606ae0da670c4b0cc135d57d39b46d74333.png": {
    "title": "whtbg.png",
    "description": "whtbg",
    "tags": []
  },
  "1be92b5108d7600db3add175ab80bf5104269325.jpg": {
    "title": "intro.jpg",
    "description": "intro",
    "tags": []
  },
  "131a86b22ad5c0c7c170f137e745b74d61dc2375.jpg": {
    "title": "Wax.jpg",
    "description": "wax",
    "tags": []
  },
  "a8b8bfb88d6665eb9e4708f82fcdf5109c73fbef.png": {
    "title": "tri.png",
    "description": "tri",
    "tags": []
  },
  "39625a083e2af6120ee35c0fce1ee54e8bc92d96.jpg": {
    "title": "know.jpg",
    "description": "know\r\n",
    "tags": []
  },
  "dddfff14f0be5013aa042d899683f9cb99262d0d.jpg": {
    "title": "Phospholipid.jpg",
    "description": "Phospholipids",
    "tags": []
  },
  "efaeb1646d37dfbeb693a1d5333d960d7736f4eb.png": {
    "title": "Phospholipid bilayer.png",
    "description": "Phospholipid bilayer",
    "tags": []
  },
  "1865a9d70096a97c874b74134f8e7a5f3a47e472.gif": {
    "title": "Glycolipids.gif",
    "description": "Image Credit: sciencedirect.com",
    "tags": []
  },
  "c9ba87a20404f4da943b82dc5932dc616eefe70e.jpg": {
    "title": "Glycolipid Structure.jpg",
    "description": "Glycolipid Structure",
    "tags": []
  },
  "fa65d832092e8204e300f511be579b9b57a1ff4f.png": {
    "title": "Glycolipid in the Phospholipid Bilayer.png",
    "description": "Glycolipid in the Phospholipid Bilayer",
    "tags": []
  },
  "73287df15d5cd43263db423dfc96ce20d492b712.png": {
    "title": "Lipoproteins.png",
    "description": "Lipoproteins",
    "tags": []
  },
  "5ddf09e65e353669610a7735be667ccb2c0554fc.png": {
    "title": "choices1.png",
    "description": "1",
    "tags": []
  },
  "57b18c286678c87ab4ed92fef82e025055e00efa.png": {
    "title": "Sterols.png",
    "description": "Sterols ",
    "tags": []
  },
  "16a9ebcc67243075c98d5a8a3ded3008b84ea366.jpg": {
    "title": "Cholesterol in the Plasma Membrane.jpg",
    "description": "Cholesterol in the Plasma Membrane",
    "tags": []
  },
  "7c9f93d0a6a371060101c90159a3ce7c2de22a41.gif": {
    "title": "Structure of prostaglandin.gif",
    "description": "Structure of prostaglandin",
    "tags": []
  },
  "3f39322e0d32396f1ff3f2110e25f89f469998f2.png": {
    "title": "mech.png",
    "description": "mech",
    "tags": []
  },
  "dd1b20515a2dbb13428713fb3ac4db2ea32e585c.jpg": {
    "title": "Structure of Cholesterol.jpg",
    "description": "Structure of Cholesterol",
    "tags": []
  },
  "f62bf3f25b79f1526de54e771787988db200d0ec.jpg": {
    "title": "Lipid soluble vitamins.jpg",
    "description": "Lipid soluble vitamins",
    "tags": []
  },
  "c298dfc179d530c2e4b28c1720b395bb4bde870c.png": {
    "title": "Fat Soluble Vitamins and Their Functions.png",
    "description": "Fat Soluble Vitamins and Their Functions",
    "tags": []
  },
  "c2183aedfadd2356aef41b21951c95d616a4b2f9.png": {
    "title": "testoa.png",
    "description": "testos",
    "tags": []
  },
  "40f72a28a1702a32ebc1f4bca2f94e1bf0ec8701.png": {
    "title": "C.png",
    "description": "C",
    "tags": []
  },
  "478989e06469421e88452bbf9a5dbc5004689b76.png": {
    "title": "B.png",
    "description": "B",
    "tags": []
  },
  "d171dcdce383bdc13b1720e45466f601a39af260.png": {
    "title": "D.png",
    "description": "D",
    "tags": []
  },
  "9ccc03c0c2f1d1693f66208fb4b9e2f23925a51a.png": {
    "title": "K.png",
    "description": "k",
    "tags": []
  }
}